"label","strain_med","strain_low","strain_upp","block_med","block_low","block_upp","ratio_med","ratio_low","ratio_upp"
"lifespan",8.06468715665055,0.642834664159361,18.1778074684821,5.77320800871926,1.59748112469523,14.4053646510132,1.47403786468574,0.0572205642691714,7.99637325139494
"shape_mort",9.8447138000539,0.0386634547123382,44.2001489274271,49.4605473485474,18.9152861378412,69.1875317186348,0.19399704857263,0.00071790459834335,2.24398950147352
"shape_fecund",12.0570019521043,3.35555891284046,22.6122012601188,5.49277255843839,1.53632186708186,14.5116453869152,2.24294984125653,0.276118542520446,10.8465758743
"total_offspring",45.5102214832561,31.3552545071678,61.7711845499579,3.04996215013627,0.685058633853461,8.2915271257523,15.0297360175795,4.53487798827865,75.7815647722428
"total_offspring_sub",33.1741068020179,20.7992319525287,50.1356036109573,1.89652044341144,0.0405451586050921,6.61614096147437,18.1481891756131,3.83646916039536,900.231055929308
"area1",56.8787154757748,34.5203091253594,73.3139989867532,21.7243702589614,11.3313235007593,40.7910902910718,2.59358779383139,0.857670033632937,6.30762783305376
"area2",74.4006951590491,66.5392017881791,81.1257524738967,4.26970662711208,1.82565747019127,8.25424226489819,17.3997458821537,8.31232202956499,42.7112097889679
