"label","site_med","site_low","site_upp","strain_med","strain_low","strain_upp","ratio_med","ratio_low","ratio_upp","type"
"lifespan",1.94346061539277,0.00621835430559506,37.7785526280342,8.6777276649748,2.09973727523276,28.4395746112515,0.228085789218198,0.000595354003403435,8.05486803441445,"lifespan"
"shape_mort",11.6772046341114,0.0289695493847281,79.64652967743,59.8659895614401,10.3297282750987,89.0122925129034,0.188786864176346,0.000409624346554471,6.821619096641,"shape_mort"
"shape_fecund",5.27913389452399,0.00767087363172204,57.7735211895208,17.7277220257657,5.34776862051837,44.6604455288341,0.278557401382578,0.000372508255211546,7.5487076552586,"shape_fecund"
"total_offspring",9.10352999866733,0.0229676479051273,73.0102944923223,48.1985208684165,14.7498415379753,79.5421586144253,0.17574890820515,0.000390190531906865,4.95672129298532,"total_offspring"
"area1",18.6496086238226,0.0555980509754192,86.0071512704095,64.7608768200539,10.6572378895258,90.7456667308413,0.283937728834849,0.000650655616965585,8.10393970038551,"area1"
"area2",38.0307377861917,16.3217294203358,60.2241622334768,38.4542641591421,22.8532441648947,59.8759841917189,0.988525364102297,0.276543360222536,2.59503321064267,"area2"
